Value;English;Att;M-Att;Def;M-Def;Eva;M-Eva
4294967295;empty;0;0;0;0;0;0
8323073;Emma's Longsword;34;21;16;10;5;0
8323074;Emma's Tuck;27;29;11;11;5;0
8323075;Torgal's Leraje;31;32;10;8;8;0
8323076;Schiavona;110;72;33;21;9;0
8323077;Frostblade;98;101;28;30;9;0
8323078;Obsidian;106;106;25;24;7;0
8323079;Nightbloom;122;120;10;9;10;0
8323080;Bilqis;139;93;30;18;5;0
8323081;Daedalus;142;96;47;31;7;0
8323082;Malystrix;102;156;25;36;8;0
8323083;Ama-Gi;95;146;32;48;5;0
8323084;Schiavona Artis;158;132;47;41;11;0
8323085;Schiavona Virtutis;184;185;57;54;18;0
8323086;Frostblade Artis;145;146;44;43;11;0
8323087;Frostblade Virtutis;183;185;56;54;18;0
8323088;Obsidian Artis;153;156;38;37;9;0
8323089;Obsidian Virtutis;195;196;47;47;14;0
8323090;Nightbloom Artis;177;175;16;12;13;0
8323091;Nightbloom Virtutis;223;222;17;18;20;0
8323092;Bilqis Artis;172;141;36;33;6;0
8323093;Bilqis Virtutis;206;186;43;42;10;0
8323094;Daedalus Artis;158;127;51;43;9;0
8323095;Daedalus Virtutis;187;171;63;57;14;0
8323096;Malystrix Artis;138;169;34;36;10;0
8323097;Malystrix Virtutis;194;194;43;44;16;0
8323098;Ama-Gi Artis;129;159;41;51;6;0
8323099;Ama-Gi Virtutis;170;189;59;62;10;0
8323108;Imperator's Sword;133;133;44;44;15;0
8323109;Imperator's Katana;147;144;27;28;4;0
8323110;Imperator's Axe;149;100;58;40;5;0
8323111;Imperator's Hammer;122;153;34;40;4;0
8323112;Imperator's Lance;136;112;56;46;10;0
8323113;Imperator's Staff;107;156;35;51;11;0
8323114;Imperator's Shield;0;0;0;0;15;30
8323118;Vespe;70;50;12;35;9;0
8323119;Serpent Star;140;93;21;11;2;0
8323120;Olibanum;77;65;33;10;14;0
8323121;Finsternis;101;100;38;39;19;0
8323122;Takshend;0;0;0;0;15;15
8323126;Khukuri ;18;16;6;8;4;0
8323127;Combat Khukuri;25;27;11;12;6;0
8323128;Warrior's Khukuri;34;35;14;14;8;0
8323129;Commander's Khukuri;45;41;15;16;10;0
8323130;Elite's Khukuri;51;55;20;18;12;0
8323131;Champion's Khukuri;62;62;21;25;14;0
8323132;Warlord's Khukuri;74;71;27;30;16;0
8323133;Divine Khukuri;83;82;31;29;19;0
8323134;Draconile Khukuri;88;82;34;29;17;0
8323135;Prismic Khukuri;83;92;31;34;19;0
8323136;Damascene Khukuri;102;98;39;39;20;0
8323137;Auld Khukuri;73;73;27;28;15;0
8323138;Gladius;60;60;20;24;8;0
8323139;Gladius Magnus;80;80;28;28;10;0
8323140;Gladius Maximus;117;117;45;45;13;0
8323141;Gladius Fortis;131;80;49;28;14;0
8323142;Gladius Mysticus;80;128;28;47;14;0
8323143;Gladius Antiquitis;104;102;38;37;13;0
8323144;Bladebreaker;85;88;33;33;14;0
8323145;Superior Bladebreaker;118;121;48;46;19;0
8323146;Superlative Bladebreaker;144;144;59;56;24;0
8323147;Flame Bladebreaker;109;110;45;44;23;0
8323148;Storm Bladebreaker;111;111;44;43;23;0
8323149;Frost Bladebreaker;111;113;42;43;23;0
8323150;Caustic Bladebreaker;111;111;43;46;23;0
8323151;Poison Bladebreaker;113;109;42;45;23;0
8323152;Shielding Bladebreaker;163;121;66;46;27;0
8323153;Enchanted Bladebreaker;118;162;48;62;27;0
8323154;Auld Bladebreaker;111;109;42;46;22;0
8323155;Dagger;29;28;12;10;8;0
8323156;Stoneblade;41;20;13;13;11;0
8323157;Kris;25;48;15;13;13;0
8323158;Predator Spur;39;37;13;14;16;0
8323159;Despair's Edge;44;45;8;27;18;0
8323160;Predator Tusk;46;41;15;16;20;0
8323161;Assassin's Dagger;72;4;8;9;23;0
8323162;Kris of the Downfallen;29;64;19;21;27;0
8323163;Scramasax;63;61;21;23;23;0
8323164;Crimson Dagger;85;54;33;21;25;0
8323165;Kris Naga;39;99;29;28;26;0
8323166;Chopper;95;41;30;15;22;0
8323167;Katzbalger;89;90;36;33;25;0
8323168;Masqueraid;39;127;36;39;24;0
8323169;Dark Dirk;132;136;49;52;36;0
8323170;Broadsword;19;19;5;6;4;0
8323171;Combat Broadsword;33;25;11;8;6;0
8323172;Warrior's Broadsword;41;33;11;13;8;0
8323173;Commander's Broadsword;48;40;18;13;10;0
8323174;Elite's Broadsword;61;50;21;16;12;0
8323175;Champion's Broadsword;71;59;21;19;14;0
8323176;Warlord's Broadsword;83;70;29;20;16;0
8323177;Divine Broadsword;92;78;32;26;19;0
8323178;Draconile Broadsword;95;78;29;26;17;0
8323179;Prismic Broadsword;78;96;26;30;19;0
8323180;Damascene Broadsword;119;98;39;32;20;0
8323181;Auld Broadsword;86;69;27;22;15;0
8323182;Rapier;23;24;5;7;4;0
8323183;Combat Rapier;29;38;7;11;6;0
8323184;Warrior's Rapier;40;49;11;17;8;0
8323185;Commander's Rapier;50;59;13;20;10;0
8323186;Elite's Rapier;60;76;16;20;12;0
8323187;Champion's Rapier;68;85;21;26;14;0
8323188;Warlord's Rapier;83;99;25;33;16;0
8323189;Divine Rapier;92;112;28;33;19;0
8323190;Draconile Rapier;127;92;40;28;17;0
8323191;Prismic Rapier;92;125;28;41;19;0
8323192;Damascene Rapier;112;139;32;39;20;0
8323193;Auld Rapier;87;105;24;32;15;0
8323194;Spatha;39;40;13;13;8;0
8323195;Spatha Militaris;50;50;14;17;11;0
8323196;Spatha Bellatoris;59;55;20;21;12;0
8323197;Spatha Praetorius;63;64;22;24;14;0
8323198;Spatha Nobilatis;80;84;27;30;16;0
8323199;Spatha Heroicus;95;93;31;30;20;0
8323200;Spatha Imperatoris;100;103;37;34;21;0
8323201;Spatha Caelestis;108;112;39;38;25;0
8323202;Spatha Serpentis;119;108;38;39;23;0
8323203;Spatha Crystallus;108;117;39;39;26;0
8323204;Spatha Adamanteus;132;131;46;45;28;0
8323205;Spatha Antiquitis;104;104;36;36;19;0
8323206;Longsword;66;52;21;16;10;0
8323207;Superior Longsword;90;74;28;25;14;0
8323208;Superlative Longsword;134;109;45;34;17;0
8323209;Might Longsword;149;74;52;25;19;0
8323210;Runic Longsword;74;148;25;49;19;0
8323211;Auld Longsword;119;97;40;34;17;0
8323212;Tuck;55;68;19;22;11;0
8323213;Superior Tuck;77;95;23;28;16;0
8323214;Superlative Tuck;112;137;34;43;20;0
8323215;Might Tuck;148;77;48;23;22;0
8323216;Runic Tuck;77;153;23;47;22;0
8323217;Auld Tuck;96;122;32;36;20;0
8323218;Bluesteel;93;90;29;29;12;0
8323219;Superior Bluesteel;129;127;37;38;17;0
8323220;Superlative Bluesteel;156;157;46;49;22;0
8323221;Flame Bluesteel;117;119;34;37;20;0
8323222;Storm Bluesteel;121;117;37;38;20;0
8323223;Frost Bluesteel;117;117;35;36;20;0
8323224;Caustic Bluesteel;119;121;35;34;20;0
8323225;Poison Bluesteel;119;121;37;36;20;0
8323226;Shielding Bluesteel;174;127;55;38;24;0
8323227;Enchanted Bluesteel;127;174;38;53;24;0
8323228;Auld Bluesteel;119;119;38;38;19;0
8323229;Shamshir;50;41;19;11;8;0
8323230;Singlesword;56;49;20;17;8;0
8323231;Runesword;49;75;15;26;8;0
8323232;Curtana;66;78;20;25;11;0
8323233;Athlumian;60;46;20;16;10;0
8323234;Ridill;64;93;13;40;13;0
8323235;Goblin's Guile;79;78;24;25;12;0
8323236;Durendal;104;70;32;24;13;0
8323237;Danse Macabre;73;111;26;35;15;0
8323238;Drakescale Edge;143;9;29;3;14;0
8323239;Joyeuse;100;102;31;34;16;0
8323240;Steelwind;10;145;16;51;16;0
8323241;Lævateinn;164;6;55;35;18;0
8323242;Bastardsword;21;18;4;3;3;0
8323243;Combat Bastardsword;28;32;9;5;5;0
8323244;Warrior's Bastardsword;38;40;11;12;6;0
8323245;Commander's Bastardsword;47;48;13;12;8;0
8323246;Elite's Bastardsword;61;57;16;13;9;0
8323247;Champion's Bastardsword;69;68;18;17;11;0
8323248;Warlord's Bastardsword;82;82;19;20;13;0
8323249;Divine Bastardsword;88;91;22;21;15;0
8323250;Draconile Bastardsword;100;91;24;21;13;0
8323251;Prismic Bastardsword;91;98;21;27;15;0
8323252;Damascene Bastardsword;113;112;28;30;16;0
8323253;Auld Bastardsword;83;82;20;22;12;0
8323254;Claymore;37;45;13;15;6;0
8323255;Combat Claymore;44;56;16;18;8;0
8323256;Warrior's Claymore;53;61;18;24;9;0
8323257;Commander's Claymore;57;72;22;27;11;0
8323258;Elite's Claymore;73;86;26;35;13;0
8323259;Champion's Claymore;81;104;31;38;16;0
8323260;Warlord's Claymore;91;110;33;38;17;0
8323261;Divine Claymore;97;120;35;43;20;0
8323262;Draconile Claymore;128;97;47;35;18;0
8323263;Prismic Claymore;97;128;35;50;21;0
8323264;Damascene Claymore;115;142;44;50;22;0
8323265;Auld Claymore;92;111;32;38;15;0
8323266;Zweihänder;70;58;18;17;8;0
8323267;Superior Zweihänder;94;75;28;20;10;0
8323268;Superlative Zweihänder;135;109;37;34;13;0
8323269;Might Zweihänder;151;75;44;20;14;0
8323270;Runic Zweihänder;75;154;20;42;14;0
8323271;Auld Zweihänder;121;98;33;29;13;0
8323272;Highbrand;95;93;28;29;11;0
8323273;Superior Highbrand;132;128;39;38;15;0
8323274;Superlative Highbrand;159;157;43;43;19;0
8323275;Flame Highbrand;118;119;34;37;18;0
8323276;Storm Highbrand;122;118;34;35;18;0
8323277;Frost Highbrand;120;121;34;34;18;0
8323278;Caustic Highbrand;119;122;34;36;18;0
8323279;Poison Highbrand;119;122;34;35;18;0
8323280;Shielding Highbrand;177;128;49;38;21;0
8323281;Enchanted Highbrand;128;175;38;51;21;0
8323282;Auld Highbrand;121;119;36;34;17;0
8323283;Predator Wing;45;35;10;8;7;0
8323284;Flamberge;40;51;11;13;7;0
8323285;Knightsaber;54;55;28;24;9;0
8323286;Highland Claymore;73;59;20;17;12;0
8323287;Defender;62;63;32;32;30;0
8323288;Fellswoop;111;1;1;1;1;0
8323289;Leprechaun's Leap;82;81;23;23;14;0
8323290;Runeblade;79;101;21;29;12;0
8323291;Undelwaltan;100;79;28;23;13;0
8323292;Sword of Seven;137;136;38;37;25;0
8323293;Grandsword;25;23;8;8;3;0
8323294;Combat Grandsword;38;37;11;10;5;0
8323295;Warrior's Grandsword;50;47;13;12;6;0
8323296;Commander's Grandsword;58;57;15;15;8;0
8323297;Elite's Grandsword;73;71;15;16;9;0
8323298;Champion's Grandsword;81;82;22;19;11;0
8323299;Warlord's Grandsword;94;94;25;23;13;0
8323300;Divine Grandsword;106;109;29;29;15;0
8323301;Draconile Grandsword;118;106;30;29;13;0
8323302;Prismic Grandsword;106;118;29;32;15;0
8323303;Damascene Grandsword;128;131;31;32;16;0
8323304;Auld Grandsword;98;98;27;23;12;0
8323305;Masterblade;92;96;26;28;11;0
8323306;Superior Masterblade;131;130;35;38;15;0
8323307;Superlative Masterblade;161;161;45;44;19;0
8323308;Flame Masterblade;123;120;32;32;18;0
8323309;Storm Masterblade;122;123;34;31;18;0
8323310;Frost Masterblade;123;124;34;32;18;0
8323311;Caustic Masterblade;122;120;32;32;18;0
8323312;Poison Masterblade;121;124;32;31;18;0
8323313;Shielding Masterblade;178;130;49;38;21;0
8323314;Enchanted Masterblade;130;180;38;49;21;0
8323315;Auld Masterblade;122;124;35;35;17;0
8323316;Gram;69;56;21;15;11;0
8323317;Troll's Trickery;89;75;23;21;16;0
8323318;Deathbringer;106;90;30;25;18;0
8323319;Slaughterknife;145;115;37;33;0;0
8323320;Wakizashi;18;18;5;3;2;0
8323321;Battle Wakizashi;29;32;9;8;2;0
8323322;Ronin Wakizashi;39;41;11;12;3;0
8323323;Samurai Wakizashi;50;48;12;14;4;0
8323324;Daimyo Wakizashi;57;59;14;16;5;0
8323325;Ninja Wakizashi;67;66;17;18;5;0
8323326;Shogun Wakizashi;80;82;22;20;6;0
8323327;Sacred Wakizashi;90;88;23;20;8;0
8323328;Wyrm Wakizashi;101;88;25;20;7;0
8323329;Gem Wakizashi;88;102;20;27;8;0
8323330;Mithril Wakizashi;114;110;26;29;8;0
8323331;Ancient Wakizashi;85;82;20;23;6;0
8323332;Falchion;42;45;9;12;3;0
8323333;Combat Falchion;51;50;13;13;4;0
8323334;Warrior's Falchion;63;63;16;17;5;0
8323335;Commander's Falchion;72;71;19;19;6;0
8323336;Elite's Falchion;87;86;21;22;7;0
8323337;Champion's Falchion;102;99;25;23;8;0
8323338;Warlord's Falchion;108;112;26;27;8;0
8323339;Divine Falchion;116;117;30;29;10;0
8323340;Draconile Falchion;128;116;29;30;9;0
8323341;Prismic Falchion;116;127;30;29;10;0
8323342;Damascene Falchion;140;138;34;35;11;0
8323343;Auld Falchion;108;109;25;28;8;0
8323344;Cutlass;65;64;16;14;4;0
8323345;Superior Cutlass;94;94;22;23;5;0
8323346;Superlative Cutlass;144;142;34;37;6;0
8323347;Might Cutlass;159;94;39;22;7;0
8323348;Runic Cutlass;94;159;22;39;7;0
8323349;Auld Cutlass;113;115;30;28;6;0
8323350;Stormwind;45;52;12;14;2;0
8323351;Rosethorn;69;84;15;23;2;0
8323352;Ondine's Wrath;96;120;26;30;3;0
8323353;Katana;23;21;3;4;2;0
8323354;Battle Katana;31;29;6;4;2;0
8323355;Ronin Katana;43;40;7;7;3;0
8323356;Samurai Katana;48;51;9;7;4;0
8323357;Daimyo Katana;61;63;9;13;5;0
8323358;Ninja Katana;73;71;11;15;5;0
8323359;Shogun Katana;86;82;15;16;6;0
8323360;Sacred Katana;95;93;20;20;8;0
8323361;Wyrm Katana;105;93;19;20;7;0
8323362;Gem Katana;93;105;20;19;8;0
8323363;Mithril Katana;119;115;23;21;8;0
8323364;Ancient Katana;89;90;16;16;6;0
8323365;Scimitar;46;46;9;8;3;0
8323366;Combat Scimitar;54;53;13;12;4;0
8323367;Warrior's Scimitar;64;61;14;16;5;0
8323368;Commander's Scimitar;71;74;17;16;6;0
8323369;Elite's Scimitar;88;92;22;19;7;0
8323370;Champion's Scimitar;104;104;24;24;8;0
8323371;Warlord's Scimitar;113;112;24;26;8;0
8323372;Divine Scimitar;122;122;28;28;10;0
8323373;Draconile Scimitar;131;122;28;28;9;0
8323374;Prismic Scimitar;122;129;28;30;10;0
8323375;Damascene Scimitar;143;144;34;34;11;0
8323376;Auld Scimitar;112;113;26;25;8;0
8323377;Tataraichi;96;100;24;20;5;0
8323378;Excellent Tataraichi;136;135;30;28;6;0
8323379;Optimal Tataraichi;168;166;38;38;8;0
8323380;Fire Tataraichi;126;126;29;29;8;0
8323381;Bolt Tataraichi;126;128;26;26;8;0
8323382;Ice Tataraichi;128;125;26;29;8;0
8323383;Lytic Tataraichi;128;125;30;28;8;0
8323384;Venom Tataraichi;126;129;27;29;8;0
8323385;Parrying Tataraichi;184;135;41;28;9;0
8323386;Aura Tataraichi;135;185;28;43;9;0
8323387;Ancient Tataraichi;129;125;27;27;7;0
8323388;Samurai Sword;64;51;15;12;2;0
8323389;Crescentmoon;63;76;12;18;3;0
8323390;Dragonfly;69;88;15;16;3;0
8323391;Kotetsu;113;94;24;19;3;0
8323392;Kelpie's Curse;99;119;21;25;4;0
8323393;Blackbeak;169;138;39;31;5;0
8323394;Otachi;26;23;3;3;1;0
8323395;Battle Otachi;38;35;7;5;1;0
8323396;Ronin Otachi;50;52;10;8;2;0
8323397;Samurai Otachi;60;58;14;10;2;0
8323398;Daimyo Otachi;76;76;16;12;2;0
8323399;Ninja Otachi;86;85;18;18;3;0
8323400;Shogun Otachi;100;100;18;19;3;0
8323401;Sacred Otachi;110;110;21;23;4;0
8323402;Wyrm Otachi;127;110;25;23;3;0
8323403;Gem Otachi;110;127;23;24;4;0
8323404;Mithril Otachi;139;139;27;29;4;0
8323405;Ancient Otachi;106;105;19;21;3;0
8323406;Demonblade;99;99;21;21;3;0
8323407;Superior Demonblade;141;142;27;29;4;0
8323408;Superlative Demonblade;170;172;36;35;5;0
8323409;Flame Demonblade;131;132;28;26;5;0
8323410;Storm Demonblade;128;131;24;27;5;0
8323411;Frost Demonblade;132;132;24;27;5;0
8323412;Caustic Demonblade;129;128;26;25;5;0
8323413;Poison Demonblade;132;130;26;24;5;0
8323414;Shielding Demonblade;191;142;36;29;6;0
8323415;Enchanted Demonblade;142;190;29;37;6;0
8323416;Auld Demonblade;130;128;28;28;5;0
8323417;Elysion;42;42;10;6;2;0
8323418;Wingclipper;96;81;17;14;3;0
8323419;Mermaid's Malice;78;98;16;16;3;0
8323420;Easternlord;127;126;8;9;4;0
8323421;Mistcutter;103;125;21;24;4;0
8323422;Murasame;153;125;31;23;5;0
8323423;Uchigatana;27;28;3;6;1;0
8323424;Battle Uchigatana;40;38;6;7;1;0
8323425;Ronin Uchigatana;52;54;10;8;2;0
8323426;Samurai Uchigatana;64;65;10;11;2;0
8323427;Daimyo Uchigatana;78;80;15;15;2;0
8323428;Ninja Uchigatana;93;90;15;17;3;0
8323429;Shogun Uchigatana;109;109;20;18;3;0
8323430;Sacred Uchigatana;119;121;23;22;4;0
8323431;Wyrm Uchigatana;136;119;24;23;3;0
8323432;Gem Uchigatana;119;135;23;27;4;0
8323433;Mithril Uchigatana;145;145;27;28;4;0
8323434;Ancient Uchigatana;114;113;21;20;3;0
8323435;Alp's Nightmare;53;65;11;8;4;0
8323436;Dragonsbane;81;65;17;10;4;0
8323437;Silvermoon;88;109;16;20;4;0
8323438;Bonecleaver;125;104;24;19;6;0
8323439;Muramasa;164;166;32;31;7;0
8323440;Hatchet;24;16;8;5;3;0
8323441;Combat Hatchet;33;22;11;7;5;0
8323442;Warrior's Hatchet;42;29;14;11;6;0
8323443;Commander's Hatchet;52;33;21;12;8;0
8323444;Elite's Hatchet;64;42;22;14;9;0
8323445;Champion's Hatchet;75;50;29;20;11;0
8323446;Warlord's Hatchet;85;56;36;21;13;0
8323447;Divine Hatchet;103;67;41;27;15;0
8323448;Draconile Hatchet;114;67;47;27;13;0
8323449;Prismic Hatchet;67;116;27;46;15;0
8323450;Damascene Hatchet;136;94;53;35;16;0
8323451;Auld Hatchet;89;61;35;25;12;0
8323452;Broadaxe;49;32;19;10;5;0
8323453;Combat Broadaxe;58;40;24;15;6;0
8323454;Warrior's Broadaxe;68;46;26;17;7;0
8323455;Commander's Broadaxe;75;53;29;18;8;0
8323456;Elite's Broadaxe;95;63;38;25;10;0
8323457;Champion's Broadaxe;110;75;43;28;12;0
8323458;Warlord's Broadaxe;122;79;47;30;13;0
8323459;Divine Broadaxe;137;88;53;33;15;0
8323460;Draconile Broadaxe;142;88;52;33;14;0
8323461;Prismic Broadaxe;88;142;33;55;16;0
8323462;Damascene Broadaxe;166;110;59;42;17;0
8323463;Auld Broadaxe;121;78;43;30;11;0
8323464;Stone Axe;64;34;28;15;4;0
8323465;Ladyhawk;108;57;43;22;6;0
8323466;Knocker's Peril;128;69;48;25;7;0
8323467;Francisca;26;14;8;6;3;0
8323468;Combat Francisca;35;21;13;7;5;0
8323469;Warrior's Francisca;46;30;12;8;6;0
8323470;Commander's Francisca;57;36;14;11;8;0
8323471;Elite's Francisca;67;45;21;13;9;0
8323472;Champion's Francisca;78;52;25;15;11;0
8323473;Warlord's Francisca;89;59;28;18;13;0
8323474;Divine Francisca;102;67;34;20;15;0
8323475;Draconile Francisca;112;67;37;20;13;0
8323476;Prismic Francisca;67;117;20;37;15;0
8323477;Damascene Francisca;130;86;40;27;16;0
8323478;Auld Francisca;94;61;33;20;12;0
8323479;Tomahawk;27;13;7;6;3;0
8323480;Combat Tomahawk;38;20;13;6;5;0
8323481;Warrior's Tomahawk;46;29;13;10;6;0
8323482;Commander's Tomahawk;58;34;20;10;8;0
8323483;Elite's Tomahawk;68;43;23;12;9;0
8323484;Champion's Tomahawk;77;47;24;16;11;0
8323485;Warlord's Tomahawk;95;59;33;20;13;0
8323486;Divine Tomahawk;109;62;33;20;15;0
8323487;Draconile Tomahawk;121;62;39;20;13;0
8323488;Prismic Tomahawk;62;119;20;39;15;0
8323489;Damascene Tomahawk;135;78;43;26;16;0
8323490;Auld Tomahawk;99;60;30;18;12;0
8323491;Splitter;70;52;21;17;6;0
8323492;Superior Splitter;99;72;33;23;9;0
8323493;Superlative Splitter;138;101;44;35;11;0
8323494;Might Splitter;153;72;50;23;12;0
8323495;Runic Splitter;72;158;23;53;12;0
8323496;Auld Splitter;122;91;39;31;11;0
8323497;Hawkwind;102;83;31;28;9;0
8323498;Superior Hawkwind;138;112;44;39;13;0
8323499;Superlative Hawkwind;170;140;57;48;16;0
8323500;Flame Hawkwind;131;106;40;33;15;0
8323501;Storm Hawkwind;128;106;43;36;15;0
8323502;Frost Hawkwind;126;107;42;34;15;0
8323503;Caustic Hawkwind;130;105;42;34;15;0
8323504;Poison Hawkwind;131;106;44;37;15;0
8323505;Shielding Hawkwind;189;112;62;39;18;0
8323506;Enchanted Hawkwind;112;186;39;62;18;0
8323507;Auld Hawkwind;128;103;46;33;14;0
8323508;Baalukian;50;38;20;11;3;0
8323509;Waraxe;97;61;34;20;6;0
8323510;Kobold's Cunning;62;115;20;33;6;0
8323511;Wyrmrazor;120;87;38;28;8;0
8323512;Tabar-Zin;24;14;4;4;2;0
8323513;Combat Tabar-Zin;35;25;10;6;4;0
8323514;Warrior's Tabar-Zin;46;31;13;7;5;0
8323515;Commander's Tabar-Zin;60;40;15;8;6;0
8323516;Elite's Tabar-Zin;68;46;18;12;7;0
8323517;Champion's Tabar-Zin;83;55;19;14;8;0
8323518;Warlord's Tabar-Zin;94;64;23;15;10;0
8323519;Divine Tabar-Zin;105;72;29;17;12;0
8323520;Draconile Tabar-Zin;120;72;29;17;10;0
8323521;Prismic Tabar-Zin;72;120;17;28;11;0
8323522;Damascene Tabar-Zin;135;91;35;21;12;0
8323523;Auld Tabar-Zin;103;66;23;16;9;0
8323524;Sagaris;47;37;14;9;3;0
8323525;Sagaris Militaris;59;43;17;12;4;0
8323526;Sagaris Bellatoris;72;49;19;15;5;0
8323527;Sagaris Praetorius;78;58;20;18;6;0
8323528;Sagaris Nobilatis;102;75;29;20;7;0
8323529;Sagaris Heroicus;113;83;29;21;8;0
8323530;Sagaris Imperatoris;125;90;36;25;8;0
8323531;Sagaris Caelestis;135;101;35;25;10;0
8323532;Sagaris Serpentis;145;101;42;25;9;0
8323533;Sagaris Crystallus;101;141;25;40;10;0
8323534;Sagaris Adamanteus;160;115;42;33;11;0
8323535;Sagaris Antiquitis;120;90;36;26;8;0
8323536;Executioner;71;53;19;14;5;0
8323537;Superior Executioner;109;77;29;22;7;0
8323538;Superlative Executioner;160;118;45;35;9;0
8323539;Might Executioner;177;77;50;22;10;0
8323540;Runic Executioner;77;181;22;51;10;0
8323541;Auld Executioner;115;83;32;22;8;0
8323542;Slasher;75;39;17;12;5;0
8323543;Ghorian;73;52;22;13;5;0
8323544;Goldenaxe;66;69;17;18;6;0
8323545;Merman's Rage;58;76;16;20;6;0
8323546;Djinslayer;69;128;18;36;10;0
8323547;Fellwyrm;175;115;46;31;12;0
8323548;Grandaxe;31;20;7;6;2;0
8323549;Combat Grandaxe;45;27;11;6;4;0
8323550;Warrior's Grandaxe;57;39;13;9;5;0
8323551;Commander's Grandaxe;68;46;14;11;6;0
8323552;Elite's Grandaxe;84;56;20;12;7;0
8323553;Champion's Grandaxe;100;63;25;17;8;0
8323554;Warlord's Grandaxe;117;75;31;19;10;0
8323555;Divine Grandaxe;131;86;33;20;12;0
8323556;Draconile Grandaxe;143;86;34;20;10;0
8323557;Prismic Grandaxe;86;147;20;37;11;0
8323558;Damascene Grandaxe;154;101;36;26;12;0
8323559;Auld Grandaxe;121;81;31;19;9;0
8323560;Smiter;105;85;29;22;8;0
8323561;Superior Smiter;148;121;37;29;11;0
8323562;Superlative Smiter;179;145;43;36;14;0
8323563;Flame Smiter;138;113;32;28;13;0
8323564;Storm Smiter;135;113;36;26;13;0
8323565;Frost Smiter;138;110;36;26;13;0
8323566;Caustic Smiter;136;110;33;30;13;0
8323567;Poison Smiter;139;112;32;30;13;0
8323568;Shielding Smiter;200;121;52;29;15;0
8323569;Enchanted Smiter;121;202;29;49;15;0
8323570;Auld Smiter;138;112;36;26;12;0
8323571;Silverheft;59;68;16;18;5;0
8323572;Berserker Axe;98;54;22;15;6;0
8323573;White Tiger;77;102;17;27;8;0
8323574;Deathmask;123;66;30;17;9;0
8323575;Cataclysm;151;0;35;0;10;0
8323576;Dwarf's Grudge;76;142;19;38;9;0
8323577;Tamahakan;176;116;42;28;12;0
8323578;Mace;15;22;7;10;2;0
8323579;Combat Mace;23;34;8;14;4;0
8323580;Warrior's Mace;28;42;10;18;5;0
8323581;Commander's Mace;36;50;15;18;6;0
8323582;Elite's Mace;41;62;16;21;7;0
8323583;Champion's Mace;50;71;19;28;8;0
8323584;Warlord's Mace;57;89;22;36;10;0
8323585;Divine Mace;65;94;26;40;12;0
8323586;Draconile Mace;111;65;40;26;10;0
8323587;Prismic Mace;65;105;26;43;11;0
8323588;Damascene Mace;79;123;30;45;12;0
8323589;Auld Mace;62;91;23;35;9;0
8323590;Morningstar;77;93;31;35;6;0
8323591;Superior Morningstar;107;132;42;52;8;0
8323592;Superlative Morningstar;133;163;53;63;11;0
8323593;Flame Morningstar;98;122;41;51;10;0
8323594;Storm Morningstar;100;124;42;47;10;0
8323595;Frost Morningstar;99;123;39;51;10;0
8323596;Caustic Morningstar;99;120;41;49;10;0
8323597;Poison Morningstar;100;124;41;50;10;0
8323598;Shielding Morningstar;182;100;71;41;12;0
8323599;Enchanted Morningstar;100;181;41;71;12;0
8323600;Auld Morningstar;98;122;38;48;10;0
8323601;Royotian;46;38;16;14;3;0
8323602;Ramskull;64;54;23;22;4;0
8323603;Power Mallet;93;75;35;29;4;0
8323604;Striker;16;23;6;7;2;0
8323605;Combat Striker;24;33;9;8;4;0
8323606;Warrior's Striker;30;47;10;14;5;0
8323607;Commander's Striker;38;54;11;19;6;0
8323608;Elite's Striker;44;68;13;21;7;0
8323609;Champion's Striker;52;78;17;23;8;0
8323610;Warlord's Striker;60;91;20;28;10;0
8323611;Divine Striker;69;102;21;30;12;0
8323612;Draconile Striker;116;69;38;21;10;0
8323613;Prismic Striker;69;113;21;35;11;0
8323614;Damascene Striker;85;129;27;39;12;0
8323615;Auld Striker;63;93;19;28;9;0
8323616;Club;35;44;14;17;3;0
8323617;Combat Club;42;54;14;19;4;0
8323618;Warrior's Club;52;61;19;19;5;0
8323619;Commander's Club;58;71;19;23;6;0
8323620;Elite's Club;74;88;25;30;7;0
8323621;Champion's Club;86;103;29;34;8;0
8323622;Warlord's Club;91;114;31;40;8;0
8323623;Divine Club;99;123;35;41;10;0
8323624;Draconile Club;131;99;44;35;9;0
8323625;Prismic Club;99;129;35;47;10;0
8323626;Damascene Club;119;144;38;48;11;0
8323627;Auld Club;90;114;32;41;8;0
8323628;Scythe;52;68;19;22;5;0
8323629;Superior Scythe;81;101;27;32;7;0
8323630;Superlative Scythe;121;148;39;49;9;0
8323631;Might Scythe;167;81;53;27;10;0
8323632;Runic Scythe;81;163;27;54;10;0
8323633;Auld Scythe;95;119;33;39;8;0
8323634;Spriggan's Scourge;56;38;20;10;3;0
8323635;Banded Mace;64;44;21;14;3;0
8323636;Phalanx Mace;97;65;31;20;5;0
8323637;Sledgehammer;17;25;4;7;2;0
8323638;Combat Sledgehammer;25;38;4;9;2;0
8323639;Warrior's Sledgehammer;30;49;8;10;3;0
8323640;Commander's Sledgehammer;40;60;9;17;4;0
8323641;Elite's Sledgehammer;45;72;10;17;5;0
8323642;Champion's Sledgehammer;53;79;14;18;5;0
8323643;Warlord's Sledgehammer;63;95;15;21;6;0
8323644;Divine Sledgehammer;74;111;19;29;8;0
8323645;Draconile Sledgehammer;118;74;30;19;7;0
8323646;Prismic Sledgehammer;74;118;19;31;8;0
8323647;Damascene Sledgehammer;91;136;23;33;8;0
8323648;Auld Sledgehammer;68;101;15;23;6;0
8323649;Bludgeon;38;46;11;16;2;0
8323650;Combat Bludgeon;45;58;13;16;2;0
8323651;Warrior's Bludgeon;53;67;13;16;2;0
8323652;Commander's Bludgeon;63;76;19;22;3;0
8323653;Elite's Bludgeon;78;93;23;26;3;0
8323654;Champion's Bludgeon;89;108;23;29;4;0
8323655;Warlord's Bludgeon;95;116;25;32;4;0
8323656;Divine Bludgeon;104;125;29;36;5;0
8323657;Draconile Bludgeon;135;104;39;29;5;0
8323658;Prismic Bludgeon;104;138;29;35;5;0
8323659;Damascene Bludgeon;122;152;34;40;6;0
8323660;Auld Bludgeon;96;119;26;35;4;0
8323661;Konbo;57;71;16;21;4;0
8323662;Excellent Konbo;80;93;23;27;5;0
8323663;Optimal Konbo;112;136;35;41;6;0
8323664;Power Konbo;151;80;45;23;7;0
8323665;Orphic Konbo;80;152;23;46;7;0
8323666;Ancient Konbo;99;122;31;37;6;0
8323667;Blackjack;84;105;22;30;6;0
8323668;Superior Blackjack;118;141;33;38;8;0
8323669;Superlative Blackjack;143;172;40;52;11;0
8323670;Flame Blackjack;107;129;33;38;10;0
8323671;Storm Blackjack;107;134;32;40;10;0
8323672;Frost Blackjack;107;131;32;39;10;0
8323673;Caustic Blackjack;106;133;29;40;10;0
8323674;Poison Blackjack;107;129;30;37;10;0
8323675;Shielding Blackjack;192;118;57;33;12;0
8323676;Enchanted Blackjack;118;194;33;55;12;0
8323677;Auld Blackjack;110;135;33;38;10;0
8323678;Oberon's Plague;74;50;18;15;4;0
8323679;War Maul;79;55;20;16;4;0
8323680;Wyrmhammer;111;71;32;18;4;0
8323681;Onionhead;117;80;33;22;6;0
8323682;Ogrebrawn;154;104;46;27;7;0
8323683;Grandhammer;21;30;6;8;2;0
8323684;Combat Grandhammer;28;46;6;11;2;0
8323685;Warrior's Grandhammer;39;59;8;16;3;0
8323686;Commander's Grandhammer;47;71;9;17;4;0
8323687;Elite's Grandhammer;58;87;15;19;5;0
8323688;Champion's Grandhammer;64;98;15;26;5;0
8323689;Warlord's Grandhammer;76;117;19;29;6;0
8323690;Divine Grandhammer;87;127;21;34;8;0
8323691;Draconile Grandhammer;145;87;34;21;7;0
8323692;Prismic Grandhammer;87;146;21;34;8;0
8323693;Damascene Grandhammer;102;152;26;37;8;0
8323694;Auld Grandhammer;80;118;19;30;6;0
8323695;Grandclub;37;50;10;9;2;0
8323696;Combat Grandclub;47;56;11;15;2;0
8323697;Warrior's Grandclub;55;67;15;19;2;0
8323698;Commander's Grandclub;65;80;16;19;3;0
8323699;Elite's Grandclub;78;98;20;23;3;0
8323700;Champion's Grandclub;90;113;22;27;4;0
8323701;Warlord's Grandclub;100;121;25;32;4;0
8323702;Divine Grandclub;105;129;28;34;5;0
8323703;Draconile Grandclub;141;105;36;28;5;0
8323704;Prismic Grandclub;105;140;28;35;5;0
8323705;Damascene Grandclub;124;157;31;37;6;0
8323706;Auld Grandclub;100;120;26;30;4;0
8323707;Bigbang;88;107;23;28;6;0
8323708;Superior Bigbang;120;148;29;37;8;0
8323709;Superlative Bigbang;145;180;35;43;11;0
8323710;Flame Bigbang;109;138;27;33;10;0
8323711;Storm Bigbang;110;137;29;37;10;0
8323712;Frost Bigbang;113;139;29;35;10;0
8323713;Caustic Bigbang;110;135;30;36;10;0
8323714;Poison Bigbang;109;136;29;34;10;0
8323715;Shielding Bigbang;200;120;50;29;12;0
8323716;Enchanted Bigbang;120;198;29;51;12;0
8323717;Auld Bigbang;110;134;26;36;10;0
8323718;Balterossan;58;37;15;8;3;0
8323719;Whalehammer;91;63;24;17;5;0
8323720;Demonspike;104;66;24;18;6;0
8323721;Cocytus's Cry;131;87;35;22;8;0
8323722;Mjöllnir;188;125;49;33;13;0
8323723;Pike;23;19;11;7;4;0
8323724;Combat Pike;32;26;16;10;6;0
8323725;Warrior's Pike;46;34;16;16;8;0
8323726;Commander's Pike;51;44;22;17;10;0
8323727;Elite's Pike;65;52;27;20;12;0
8323728;Champion's Pike;76;61;32;26;14;0
8323729;Warlord's Pike;85;73;36;29;16;0
8323730;Divine Pike;98;82;39;34;19;0
8323731;Draconile Pike;112;82;44;34;17;0
8323732;Prismic Pike;82;108;34;43;19;0
8323733;Damascene Pike;125;102;49;37;20;0
8323734;Auld Pike;93;77;37;31;15;0
8323735;Pitchfork;65;56;25;23;10;0
8323736;Superior Pitchfork;97;85;36;35;13;0
8323737;Superlative Pitchfork;142;129;57;52;16;0
8323738;Might Pitchfork;158;85;60;35;18;0
8323739;Runic Pitchfork;85;159;35;65;18;0
8323740;Auld Pitchfork;114;101;43;41;16;0
8323741;Mootpoint;49;34;21;15;7;0
8323742;Elf's Snare;35;53;14;23;8;0
8323743;Devil's Fork;161;164;22;24;20;0
8323744;Lance;26;16;6;6;4;0
8323745;Combat Lance;36;24;9;8;6;0
8323746;Warrior's Lance;52;32;14;12;8;0
8323747;Commander's Lance;61;40;17;13;10;0
8323748;Elite's Lance;75;50;24;16;12;0
8323749;Champion's Lance;82;57;31;16;14;0
8323750;Warlord's Lance;102;69;34;23;16;0
8323751;Divine Lance;113;73;37;24;19;0
8323752;Draconile Lance;127;73;44;24;17;0
8323753;Prismic Lance;73;127;24;44;19;0
8323754;Damascene Lance;143;94;49;31;20;0
8323755;Auld Lance;106;71;34;23;15;0
8323756;Spear;24;25;7;6;4;0
8323757;Combat Spear;39;41;10;12;6;0
8323758;Warrior's Spear;54;50;16;15;8;0
8323759;Commander's Spear;64;60;20;17;10;0
8323760;Elite's Spear;77;75;21;24;12;0
8323761;Champion's Spear;88;89;26;29;14;0
8323762;Warlord's Spear;106;102;32;32;16;0
8323763;Divine Spear;115;118;35;36;19;0
8323764;Draconile Spear;131;118;38;36;17;0
8323765;Prismic Spear;118;131;36;42;19;0
8323766;Damascene Spear;138;138;42;41;20;0
8323767;Auld Spear;109;111;35;33;15;0
8323768;Javelin;68;63;24;22;10;0
8323769;Superior Javelin;100;92;33;29;13;0
8323770;Superlative Javelin;154;136;50;44;16;0
8323771;Might Javelin;166;92;54;29;18;0
8323772;Runic Javelin;92;168;29;54;18;0
8323773;Auld Javelin;122;108;41;37;16;0
8323774;Celapaleian;23;38;7;13;6;0
8323775;Centaur Lance;55;53;16;17;9;0
8323776;Brownie's Ire;50;79;15;24;12;0
8323777;Boltspear;73;74;24;22;11;0
8323778;Bluedrake Spear;95;63;36;15;14;0
8323779;Coral Lance;68;105;16;39;14;0
8323780;Scorpion Spear;124;9;40;2;19;0
8323781;Halberd;24;18;7;6;3;0
8323782;Combat Halberd;38;25;11;6;5;0
8323783;Warrior's Halberd;54;36;14;8;6;0
8323784;Commander's Halberd;64;41;17;12;7;0
8323785;Elite's Halberd;80;52;21;12;9;0
8323786;Champion's Halberd;90;61;23;16;10;0
8323787;Warlord's Halberd;105;69;28;19;12;0
8323788;Divine Halberd;119;80;34;22;14;0
8323789;Draconile Halberd;130;80;34;22;13;0
8323790;Prismic Halberd;80;130;22;35;14;0
8323791;Damascene Halberd;148;100;40;28;15;0
8323792;Auld Halberd;113;72;31;18;11;0
8323793;Trident;24;24;6;9;3;0
8323794;Combat Trident;41;41;12;14;5;0
8323795;Warrior's Trident;50;53;14;15;6;0
8323796;Commander's Trident;63;64;20;19;7;0
8323797;Elite's Trident;75;79;23;24;9;0
8323798;Champion's Trident;90;89;25;27;10;0
8323799;Warlord's Trident;103;103;34;31;12;0
8323800;Divine Trident;119;117;36;35;14;0
8323801;Draconile Trident;131;117;42;35;13;0
8323802;Prismic Trident;117;128;35;41;14;0
8323803;Damascene Trident;140;138;44;44;15;0
8323804;Auld Trident;109;109;35;35;11;0
8323805;Bardiche;68;65;18;18;8;0
8323806;Superior Bardiche;95;85;28;26;10;0
8323807;Superlative Bardiche;136;127;39;37;13;0
8323808;Might Bardiche;155;85;47;26;14;0
8323809;Runic Bardiche;85;154;26;45;14;0
8323810;Auld Bardiche;125;112;38;34;13;0
8323811;Glaive;100;94;31;29;10;0
8323812;Superior Glaive;142;131;42;39;14;0
8323813;Superlative Glaive;172;154;51;45;18;0
8323814;Flame Glaive;133;120;36;35;17;0
8323815;Storm Glaive;134;117;38;32;17;0
8323816;Frost Glaive;135;122;36;32;17;0
8323817;Caustic Glaive;133;121;37;35;17;0
8323818;Poison Glaive;133;121;35;34;17;0
8323819;Shielding Glaive;192;131;55;39;20;0
8323820;Enchanted Glaive;131;192;39;55;20;0
8323821;Auld Glaive;133;119;37;33;16;0
8323822;Cúchulainn's Frenzy;52;74;12;20;12;0
8323823;Guisarme;65;67;16;17;13;0
8323824;Nagapuran;51;52;51;52;14;0
8323825;Knight's Lance;99;41;26;10;15;0
8323826;Ouroboros Voulge;84;129;23;35;20;0
8323827;Vulcanlance;150;137;44;41;24;0
8323828;Harpoon;51;45;11;9;6;0
8323829;Combat Harpoon;62;51;16;11;8;0
8323830;Warrior's Harpoon;74;62;19;14;9;0
8323831;Commander's Harpoon;82;67;22;18;11;0
8323832;Elite's Harpoon;103;85;25;21;13;0
8323833;Champion's Harpoon;121;98;32;26;16;0
8323834;Warlord's Harpoon;131;110;32;27;17;0
8323835;Divine Harpoon;143;117;36;31;20;0
8323836;Draconile Harpoon;153;117;35;31;18;0
8323837;Prismic Harpoon;117;156;31;40;21;0
8323838;Damascene Harpoon;167;138;45;34;22;0
8323839;Auld Harpoon;130;109;30;27;15;0
8323840;Naginata;107;93;26;24;10;0
8323841;Excellent Naginata;146;132;35;31;14;0
8323842;Optimal Naginata;180;160;42;38;18;0
8323843;Fire Naginata;139;125;32;29;17;0
8323844;Bolt Naginata;136;124;34;28;17;0
8323845;Ice Naginata;139;126;34;32;17;0
8323846;Lytic Naginata;138;123;36;31;17;0
8323847;Venom Naginata;135;125;32;29;17;0
8323848;Parrying Naginata;201;132;50;31;20;0
8323849;Aura Naginata;132;201;31;48;20;0
8323850;Ancient Naginata;135;123;36;29;16;0
8323851;Gigaspear;94;59;22;17;15;0
8323852;Lance of Longinus;109;72;30;20;21;0
8323853;Wyrmgrounder;120;78;29;21;22;0
8323854;Ousterlance;85;127;21;33;24;0
8323855;Fáfnirsbane;255;120;47;23;29;0
8323856;Rod;16;21;5;8;4;0
8323857;Combat Rod;23;37;8;13;6;0
8323858;Warrior's Rod;32;49;11;20;8;0
8323859;Commander's Rod;37;59;17;21;9;0
8323860;Elite's Rod;48;73;18;30;12;0
8323861;Champion's Rod;54;83;21;33;13;0
8323862;Warlord's Rod;65;99;25;41;16;0
8323863;Divine Rod;70;105;29;46;19;0
8323864;Draconile Rod;122;70;47;29;16;0
8323865;Prismic Rod;70;122;29;47;18;0
8323866;Damascene Rod;90;137;33;54;20;0
8323867;Auld Rod;66;103;27;40;15;0
8323868;Wand;88;91;38;38;13;0
8323869;Superior Wand;124;126;48;49;18;0
8323870;Superlative Wand;149;152;59;61;24;0
8323871;Flame Wand;113;116;45;46;22;0
8323872;Storm Wand;115;115;45;44;22;0
8323873;Frost Wand;114;117;44;44;22;0
8323874;Caustic Wand;116;114;48;47;22;0
8323875;Poison Wand;116;114;44;46;22;0
8323876;Shielding Wand;168;116;68;44;26;0
8323877;Enchanted Wand;116;167;44;67;26;0
8323878;Auld Wand;115;115;45;44;21;0
8323879;Tambo;81;98;30;38;13;0
8323880;Excellent Tambo;113;139;43;54;18;0
8323881;Optimal Tambo;136;171;51;64;24;0
8323882;Fire Tambo;107;131;42;50;22;0
8323883;Bolt Tambo;106;128;38;49;22;0
8323884;Ice Tambo;105;131;41;52;22;0
8323885;Lytic Tambo;103;126;42;49;22;0
8323886;Venom Tambo;104;129;41;49;22;0
8323887;Parrying Tambo;187;104;73;41;26;0
8323888;Aura Tambo;104;187;41;74;26;0
8323889;Ancient Tambo;107;129;42;49;21;0
8323890;Whisperwand;33;36;14;12;7;0
8323891;Runestaff;7;113;31;29;14;0
8323892;Leanan Sídhe's Wiles;9;148;40;40;17;0
8323893;Cudgel;21;22;6;9;4;0
8323894;Combat Cudgel;30;33;8;9;6;0
8323895;Warrior's Cudgel;43;42;12;14;8;0
8323896;Commander's Cudgel;51;52;17;16;9;0
8323897;Elite's Cudgel;62;62;18;19;12;0
8323898;Champion's Cudgel;70;70;21;23;13;0
8323899;Warlord's Cudgel;85;84;30;27;16;0
8323900;Divine Cudgel;92;93;31;33;19;0
8323901;Draconile Cudgel;105;92;35;31;16;0
8323902;Prismic Cudgel;92;107;31;37;18;0
8323903;Damascene Cudgel;117;116;38;38;20;0
8323904;Auld Cudgel;87;88;29;30;15;0
8323905;Scepter;18;24;6;7;4;0
8323906;Combat Scepter;26;38;8;10;6;0
8323907;Warrior's Scepter;37;52;9;14;8;0
8323908;Commander's Scepter;43;61;10;18;9;0
8323909;Elite's Scepter;50;76;13;21;12;0
8323910;Champion's Scepter;57;89;14;23;13;0
8323911;Warlord's Scepter;71;108;18;29;16;0
8323912;Divine Scepter;80;120;20;30;19;0
8323913;Draconile Scepter;132;80;35;20;16;0
8323914;Prismic Scepter;80;135;20;35;18;0
8323915;Damascene Scepter;95;142;27;39;20;0
8323916;Auld Scepter;74;111;19;31;15;0
8323917;Ji;45;44;16;15;8;0
8323918;Battle Ji;56;54;17;17;11;0
8323919;Ronin Ji;61;63;21;21;12;0
8323920;Samurai Ji;74;71;24;26;14;0
8323921;Daimyo Ji;91;90;31;31;16;0
8323922;Ninja Ji;102;104;32;36;20;0
8323923;Shogun Ji;114;113;36;39;21;0
8323924;Sacred Ji;119;121;41;41;25;0
8323925;Wyrm Ji;131;119;41;41;23;0
8323926;Gem Ji;119;132;41;44;26;0
8323927;Mithril Ji;143;144;46;46;28;0
8323928;Ancient Ji;114;112;38;37;19;0
8323929;Vare;56;69;19;24;10;0
8323930;Superior Vare;85;103;29;33;14;0
8323931;Superlative Vare;132;158;41;52;17;0
8323932;Might Vare;178;85;57;29;19;0
8323933;Runic Vare;85;174;29;60;19;0
8323934;Auld Vare;102;129;33;42;16;0
8323935;Cleric's Crook;2;48;12;8;6;0
8323936;Casting Cudgel;22;59;15;13;8;0
8323937;Sylph's Allure;42;64;14;19;10;0
8323938;Melphinan;48;70;17;26;9;0
8323939;Sword Cane;99;9;9;9;10;0
8323940;Halo Scepter;63;93;21;31;14;0
8323941;Sage's Staff;83;124;28;42;19;0
8323942;Eurytus Staff;122;123;54;53;22;0
8323943;Greatstaff;42;51;13;15;4;0
8323944;Combat Greatstaff;52;61;15;16;6;0
8323945;Warrior's Greatstaff;57;69;17;19;8;0
8323946;Commander's Greatstaff;67;83;20;20;9;0
8323947;Elite's Greatstaff;85;103;21;28;12;0
8323948;Champion's Greatstaff;97;118;28;30;13;0
8323949;Warlord's Greatstaff;107;127;29;37;16;0
8323950;Divine Greatstaff;112;139;34;41;19;0
8323951;Draconile Greatstaff;148;112;40;34;16;0
8323952;Prismic Greatstaff;112;148;34;42;18;0
8323953;Damascene Greatstaff;133;164;38;44;20;0
8323954;Auld Greatstaff;106;130;27;33;15;0
8323955;Quarterstaff;59;75;17;21;9;0
8323956;Superior Quarterstaff;87;108;27;31;12;0
8323957;Superlative Quarterstaff;133;162;37;46;15;0
8323958;Might Quarterstaff;182;87;54;27;16;0
8323959;Runic Quarterstaff;87;179;27;50;16;0
8323960;Auld Quarterstaff;105;128;30;39;14;0
8323961;Justiciar;42;67;12;18;11;0
8323962;Ghorian;76;52;20;12;11;0
8323963;Phoenix Perch;82;83;28;27;16;0
8323964;Banshee's Dirge;70;108;21;27;17;0
8323965;Verge of Victory;119;80;31;20;20;0
8323966;Soulscepter;103;153;28;41;20;0
8323967;Caduceus;88;113;23;27;18;0
8323968;Superior Caduceus;126;152;34;40;25;0
8323969;Superlative Caduceus;152;185;38;44;32;0
8323970;Flame Caduceus;117;142;28;36;31;0
8323971;Storm Caduceus;115;143;30;36;31;0
8323972;Frost Caduceus;119;140;30;36;31;0
8323973;Caustic Caduceus;116;141;31;35;31;0
8323974;Poison Caduceus;118;144;27;33;31;0
8323975;Shielding Caduceus;209;118;52;27;36;0
8323976;Enchanted Caduceus;118;209;27;49;36;0
8323977;Auld Caduceus;116;143;29;33;29;0
8323978;Titan's Toothpick;127;74;34;20;15;0
8323979;Wyrmstaff;184;110;26;45;29;0
8323980;Leraje;26;21;4;6;3;0
8323981;Leraje Princeps;48;38;10;8;5;0
8323982;Leraje Rex;69;55;19;15;8;0
8323983;Leraje Dominus;92;73;21;21;12;0
8323984;Zepar;23;26;8;9;3;0
8323985;Zepar Princeps;43;48;9;16;5;0
8323986;Zepar Rex;62;74;16;18;8;0
8323987;Zepar Dominus;81;102;21;24;12;0
8323988;Naberius ;90;76;25;18;9;0
8323989;Naberius Dominus;111;92;28;23;14;0
8323990;Focalor;76;91;18;24;9;0
8323991;Focalor Dominus;94;114;22;28;14;0
8323992;Gremory;118;119;31;29;13;0
8323993;Gremory Dominus;157;156;38;41;21;0
8323994;Camio;22;26;6;4;1;0
8323995;Camio Princeps;45;45;8;10;2;0
8323996;Camio Rex;62;66;13;14;3;0
8323997;Camio Dominus;84;85;17;19;4;0
8323998;Shax;45;46;11;9;3;0
8323999;Shax Princeps;71;71;13;15;5;0
8324000;Shax Rex;80;80;14;14;7;0
8324001;Shax Dominus;98;95;16;19;9;0
8324002;Gaap;128;124;25;23;5;0
8324003;Gaap Dominus;164;161;32;29;8;0
8324004;Cimejes;26;20;6;4;2;0
8324005;Cimejes Princeps;49;35;11;8;4;0
8324006;Cimejes Rex;77;48;18;12;5;0
8324007;Cimejes Dominus;99;66;25;18;8;0
8324008;Haagenti;27;21;8;8;2;0
8324009;Haagenti Princeps;52;39;15;9;4;0
8324010;Haagenti Rex;80;62;19;15;5;0
8324011;Haagenti Dominus;101;83;28;21;8;0
8324012;Seere;102;64;27;17;7;0
8324013;Seere Dominus;124;82;34;23;11;0
8324014;Halphas;131;110;35;25;10;0
8324015;Halphas Dominus;173;143;42;35;17;0
8324016;Beleth;17;30;5;7;1;0
8324017;Beleth Princeps;33;49;7;12;2;0
8324018;Beleth Rex;48;75;14;20;3;0
8324019;Beleth Dominus;64;98;15;26;4;0
8324020;Amon;39;52;11;11;3;0
8324021;Amon Princeps;58;79;15;20;5;0
8324022;Amon Rex;68;91;17;23;7;0
8324023;Amon Dominus;80;107;19;27;9;0
8324024;Ipos;76;93;18;23;4;0
8324025;Ipos Dominus;132;162;34;40;7;0
8324026;Berith;25;24;6;8;3;0
8324027;Berith Princeps;46;46;11;13;5;0
8324028;Berith Rex;76;68;21;18;8;0
8324029;Berith Dominus;99;86;28;22;12;0
8324030;Guison;94;83;26;24;9;0
8324031;Guison Dominus;165;146;45;39;14;0
8324032;Foras;26;28;8;5;3;0
8324033;Foras Princeps;46;48;14;12;5;0
8324034;Foras Rex;70;69;19;20;8;0
8324035;Foras Dominus;92;91;26;27;12;0
8324036;Haures;24;33;7;12;3;0
8324037;Haures Princeps;44;67;12;19;5;0
8324038;Haures Rex;65;98;16;25;8;0
8324039;Haures Dominus;82;128;22;33;12;0
8324040;Stolas;74;98;18;28;9;0
8324041;Stolas Dominus;133;177;35;45;14;0
8324042;Morax;23;27;10;8;3;0
8324043;Morax Princeps;47;43;13;15;5;0
8324044;Morax Rex;66;67;22;22;8;0
8324045;Morax Dominus;91;88;26;30;12;0
8324046;Furfur;85;84;27;25;9;0
8324047;Furfur Dominus;104;105;33;34;14;0
8324048;Oriax;115;119;38;40;13;0
8324049;Oriax Dominus;153;152;50;49;21;0
8324050;Belial;29;31;3;5;1;0
8324051;Belial Princeps;54;51;7;5;2;0
8324052;Belial Rex;77;79;11;10;3;0
8324053;Belial Dominus;103;102;15;12;4;0
8324054;Paimon;136;134;18;20;5;0
8324055;Paimon Dominus;175;177;22;26;8;0
8324056;Purson;28;19;9;7;2;0
8324057;Purson Princeps;54;36;14;12;4;0
8324058;Purson Rex;78;53;28;19;5;0
8324059;Purson Dominus;111;70;32;21;8;0
8324060;Ronove;52;39;17;11;3;0
8324061;Ronove Princeps;75;57;24;17;5;0
8324062;Ronove Rex;94;68;31;23;7;0
8324063;Ronove Dominus;110;81;38;28;9;0
8324064;Marbas ;94;77;31;25;7;0
8324065;Marbas Dominus;162;132;51;42;11;0
8324066;Phenex;19;30;5;8;1;0
8324067;Phenex Princeps;36;56;10;16;2;0
8324068;Phenex Rex;52;79;18;24;3;0
8324069;Phenex Dominus;73;110;22;32;4;0
8324070;Vine;70;93;22;33;4;0
8324071;Vine Dominus;86;117;29;37;7;0
8324072;Orobas;104;127;34;44;5;0
8324073;Orobas Dominus;137;166;43;51;8;0
8324074;Valac;25;23;8;8;3;0
8324075;Valac Princeps;50;39;15;11;5;0
8324076;Valac Rex;73;61;24;18;8;0
8324077;Valac Dominus;99;82;29;25;12;0
8324078;Crocell;28;30;9;9;3;0
8324079;Crocell Princeps;54;53;16;17;5;0
8324080;Crocell Rex;81;81;26;28;8;0
8324081;Crocell Dominus;103;106;37;36;12;0
8324082;Ose;96;77;31;25;9;0
8324083;Ose Dominus;116;98;40;33;14;0
8324084;Buer;115;115;36;38;13;0
8324085;Buer Dominus;151;154;49;49;21;0
8324086;Baal;38;59;14;22;6;0
8324087;Baal Princeps;59;85;20;30;9;0
8324088;Baal Rex;69;104;23;34;14;0
8324089;Baal Dominus;79;122;29;39;17;0
8324090;Agares;72;96;23;32;9;0
8324091;Agares Dominus;131;176;45;58;14;0
8324092;Buckler;0;0;0;0;4;2
8324093;Combat Buckler;0;0;0;0;6;3
8324094;Warrior's Buckler;0;0;0;0;8;4
8324095;Commander's Buckler;0;0;0;0;10;5
8324096;Elite's Buckler;0;0;0;0;12;6
8324097;Champion's Buckler;0;0;0;0;14;7
8324098;Warlord's Buckler;0;0;0;0;16;8
8324099;Divine Buckler;0;0;0;0;20;10
8324100;Draconile Buckler;0;0;0;0;17;8
8324101;Prismic Buckler;0;0;0;0;18;9
8324102;Damascene Buckler;0;0;0;0;22;11
8324103;Auld Buckler;0;0;0;0;15;7
8324104;Targe;0;0;0;0;5;10
8324105;Superior Targe;0;0;0;0;8;16
8324106;Superlative Targe;0;0;0;0;10;20
8324107;Slicing Targe;0;0;0;0;8;16
8324108;Impact Targe;0;0;0;0;8;16
8324109;Force Targe;0;0;0;0;8;16
8324110;Thrust Targe;0;0;0;0;8;16
8324111;Auld Targe;0;0;0;0;6;12
8324112;Guardedhope;0;0;0;0;5;5
8324113;Pixie's Heart;0;0;0;0;8;12
8324114;Rider Shield;0;0;0;0;15;0
8324115;Kiteshield;0;0;0;0;5;4
8324116;Combat Kiteshield;0;0;0;0;8;6
8324117;Warrior's Kiteshield;0;0;0;0;10;8
8324118;Commander's Kiteshield;0;0;0;0;13;10
8324119;Elite's Kiteshield;0;0;0;0;15;12
8324120;Champion's Kiteshield;0;0;0;0;18;14
8324121;Warlord's Kiteshield;0;0;0;0;20;16
8324122;Divine Kiteshield;0;0;0;0;25;20
8324123;Draconile Kiteshield;0;0;0;0;21;16
8324124;Prismic Kiteshield;0;0;0;0;23;18
8324125;Damascene Kiteshield;0;0;0;0;28;22
8324126;Auld Kiteshield;0;0;0;0;19;15
8324127;Aspis;0;0;0;0;4;5
8324128;Aspis Militaris;0;0;0;0;6;8
8324129;Aspis Bellatoris;0;0;0;0;8;10
8324130;Aspis Praetorius;0;0;0;0;10;13
8324131;Aspis Nobilatis;0;0;0;0;12;15
8324132;Aspis Heroicus;0;0;0;0;14;18
8324133;Aspis Imperatoris;0;0;0;0;16;20
8324134;Aspis Caelestis;0;0;0;0;20;25
8324135;Aspis Serpentis;0;0;0;0;16;21
8324136;Aspis Crystallus;0;0;0;0;18;23
8324137;Aspis Adamanteus;0;0;0;0;22;28
8324138;Aspis Antiquitis;0;0;0;0;15;19
8324139;Soulshield;0;0;0;0;10;13
8324140;Superior Soulshield;0;0;0;0;16;20
8324141;Superlative Soulshield;0;0;0;0;22;28
8324142;Flame Soulshield;0;0;0;0;16;21
8324143;Storm Soulshield;0;0;0;0;16;21
8324144;Frost Soulshield;0;0;0;0;16;21
8324145;Caustic Soulshield;0;0;0;0;16;21
8324146;Poison Soulshield;0;0;0;0;16;21
8324147;Shielding Soulshield;0;0;0;0;30;24
8324148;Enchanted Soulshield;0;0;0;0;24;30
8324149;Auld Soulshield;0;0;0;0;16;21
8324150;Quadrashield;0;0;0;0;8;8
8324151;Escutcheon;0;0;0;0;12;6
8324152;Wall of Athlum;0;0;0;0;12;12
8324153;Boggart's Hoard;0;0;0;0;0;20
8324154;Drakescale Shield;0;0;0;0;20;0
8324155;Lowland Shield;0;0;0;0;16;16
8324156;Towershield;0;0;0;0;4;6
8324157;Combat Towershield;0;0;0;0;7;9
8324158;Warrior's Towershield;0;0;0;0;9;12
8324159;Commander's Towershield;0;0;0;0;12;15
8324160;Elite's Towershield;0;0;0;0;14;18
8324161;Champion's Towershield;0;0;0;0;16;21
8324162;Warlord's Towershield;0;0;0;0;19;24
8324163;Divine Towershield;0;0;0;0;24;30
8324164;Draconile Towershield;0;0;0;0;20;26
8324165;Prismic Towershield;0;0;0;0;21;27
8324166;Damascene Towershield;0;0;0;0;26;33
8324167;Auld Towershield;0;0;0;0;18;23
8324168;Heatershield;0;0;0;0;6;4
8324169;Combat Heatershield;0;0;0;0;9;7
8324170;Warrior's Heatershield;0;0;0;0;12;9
8324171;Commander's Heatershield;0;0;0;0;15;12
8324172;Elite's Heatershield;0;0;0;0;18;14
8324173;Champion's Heatershield;0;0;0;0;21;16
8324174;Warlord's Heatershield;0;0;0;0;24;19
8324175;Divine Heatershield;0;0;0;0;30;24
8324176;Draconile Heatershield;0;0;0;0;26;20
8324177;Prismic Heatershield;0;0;0;0;27;21
8324178;Damascene Heatershield;0;0;0;0;33;26
8324179;Auld Heatershield;0;0;0;0;23;18
8324180;Godshield;0;0;0;0;12;7
8324181;Superior Godshield;0;0;0;0;24;14
8324182;Superlative Godshield;0;0;0;0;30;18
8324183;Slicing Godshield;0;0;0;0;24;14
8324184;Impact Godshield;0;0;0;0;24;14
8324185;Force Godshield;0;0;0;0;24;14
8324186;Thrust Godshield;0;0;0;0;24;14
8324187;Auld Godshield;0;0;0;0;18;10
8324188;Wall of Celapaleis;0;0;0;0;6;6
8324189;Forsaker;0;0;0;0;0;15
8324190;Guardian Shield;0;0;0;0;19;19
8324191;Siren's Song;0;0;0;0;8;21
8324192;Aqueous Shield;0;0;0;0;10;25
8324193;Shield of the Vanquisher;0;0;0;0;40;20
8324194;Scutum;0;0;0;0;7;1
8324195;Scutum Militaris;0;0;0;0;11;2
8324196;Scutum Bellatoris;0;0;0;0;14;2
8324197;Scutum Praetorius;0;0;0;0;18;3
8324198;Scutum Nobilatis;0;0;0;0;21;4
8324199;Scutum Heroicus;0;0;0;0;25;5
8324200;Scutum Imperatoris;0;0;0;0;28;5
8324201;Scutum Caelestis;0;0;0;0;35;7
8324202;Scutum Serpentis;0;0;0;0;30;6
8324203;Scutum Crystallus;0;0;0;0;32;6
8324204;Scutum Adamanteus;0;0;0;0;39;7
8324205;Scutum Antiquitis;0;0;0;0;27;5
8324206;Nethershield;0;0;0;0;11;18
8324207;Superior Nethershield;0;0;0;0;14;28
8324208;Superlative Nethershield;0;0;0;0;18;39
8324209;Flame Nethershield;0;0;0;0;21;30
8324210;Storm Nethershield;0;0;0;0;25;30
8324211;Frost Nethershield;0;0;0;0;28;30
8324212;Caustic Nethershield;0;0;0;0;35;30
8324213;Poison Nethershield;0;0;0;0;30;30
8324214;Shielding Nethershield;0;0;0;0;32;42
8324215;Enchanted Nethershield;0;0;0;0;39;42
8324216;Auld Nethershield;0;0;0;0;27;29
8324217;Celestial Carapace;0;0;0;0;12;18
8324218;Shieldisk;0;0;0;0;26;26
8324533;Emma's Longsword;50;34;22;12;8;0
8324534;Emma's Longsword;73;46;25;17;10;0
8324535;Emma's Tuck;40;47;16;21;8;0
8324536;Emma's Tuck;52;64;17;25;10;0
8324564;Rhongomynad;157;102;39;23;10;0
8324565;Rhongomynad Artis;170;138;39;33;14;0
8324566;Rhongomynad Virtutis;195;197;46;43;20;0
8324567;Somberblade;121;122;57;20;7;0
8324568;Somberblade Artis;141;142;73;23;9;0
8324569;Somberblade Virtutis;182;179;94;30;14;0
8324570;Dvergr;100;148;15;59;6;0
8324571;Dvergr Artis;118;179;15;63;10;0
8324572;Dvergr Virtutis;149;225;20;84;12;0
8324573;Crimsonblade;118;146;12;39;10;0
8324574;Crimsonblade Virtutis;146;174;15;47;13;0
8324575;Nightbloom Royal;179;221;20;62;20;0
8324576;Meteor;156;66;50;51;9;0
8324577;Meteor Artis;181;79;58;57;11;0
8324578;Meteor Virtutis;230;97;75;76;18;0
8324579;Azureblade;149;121;36;14;10;0
8324580;Azureblade Virtutis;179;143;48;16;13;0
8324581;Nightbloom Mist;220;179;58;19;20;0
8324582;Frostsword;136;134;24;26;9;0
8324583;Frostsword Artis;160;160;29;29;11;0
8324584;Frostsword Virtutis;200;200;35;39;18;0
8324586;Faleria Heart;1;1;1;1;99;0
